CARB,Millions of Californians to get average of $137 in credits on their April utility bills thanks to state’s climate program,https://ww2.arb.ca.gov/news/millions-californians-get-average-137-credits-their-april-utility-bills-thanks-states-climate
CARB,"State leaders to discuss annual report on cap-and-trade funded projects, highlight importance of program to California’s climate goals",https://ww2.arb.ca.gov/news/state-leaders-discuss-annual-report-cap-and-trade-funded-projects-highlight-importance-program
CARB,California’s air monitoring response to LA fires is largest in state history,https://ww2.arb.ca.gov/news/californias-air-monitoring-response-la-fires-largest-state-history
CARB,California launches first-in-the-nation satellite project to reduce methane leaks,https://ww2.arb.ca.gov/news/california-launches-first-nation-satellite-project-reduce-methane-leaks
CARB,"E-bike program will give 1,000 Californians vouchers to purchase electric bikes on May 29",https://ww2.arb.ca.gov/news/e-bike-program-will-give-1000-californians-vouchers-purchase-electric-bikes-may-29
CARB,CARB awards over $42 million to support community-led mobility projects in disadvantaged and low-income communities throughout California,https://ww2.arb.ca.gov/news/carb-awards-over-42-million-support-community-led-mobility-projects-disadvantaged-and-low
CARB,"California dedicates nearly $33 billion to climate solutions, using money from the Cap-and-Trade Program",https://ww2.arb.ca.gov/news/california-dedicates-nearly-33-billion-climate-solutions-using-money-cap-and-trade-program
CARB,California and Quebec release summary results from 43rd joint cap-and-trade allowance auction,https://ww2.arb.ca.gov/news/california-and-quebec-release-summary-results-43rd-joint-cap-and-trade-allowance-auction
CARB,CARB Chair Liane Randolph responds to illegal and unconstitutional approval of Congressional Review Act resolutions by the U.S. Senate,https://ww2.arb.ca.gov/news/carb-chair-liane-randolph-responds-illegal-and-unconstitutional-approval-congressional-review
CARB,California awards record $20.9 million to expand community-led air monitoring and protection,https://ww2.arb.ca.gov/news/california-awards-record-20-9-million-expand-community-led-air-monitoring-and-protection
CARB,New $242 million funding assistance program helps low-income Californians get zero-emission vehicles,https://ww2.arb.ca.gov/news/new-242-million-funding-assistance-program-helps-low-income-californians-get-zero-emission
CARB,California and Republic of Panama partner to advance international carbon markets,https://ww2.arb.ca.gov/news/california-and-republic-panama-partner-advance-international-carbon-markets
CARB,CARB announces latest LCFS updates will be implemented next month,https://ww2.arb.ca.gov/news/carb-announces-latest-lcfs-updates-will-be-implemented-next-month
CARB,"CARB officials to discuss second round relaunch, technical changes for E-Bike Incentive Project",https://ww2.arb.ca.gov/news/carb-officials-discuss-second-round-relaunch-technical-changes-e-bike-incentive-project
CARB,"California awards $500 million in funding for 1,000 zero-emission school buses",https://ww2.arb.ca.gov/news/california-awards-500-million-funding-1000-zero-emission-school-buses-0
CARB,California Low Carbon Fuel Standard Media Briefing,https://ww2.arb.ca.gov/news/california-low-carbon-fuel-standard-media-briefing
CARB,CARB launches mobile air monitoring in underserved communities as part of first-of-its-kind initiative,https://ww2.arb.ca.gov/news/carb-launches-mobile-air-monitoring-underserved-communities-part-first-its-kind-initiative
CARB,California to host series of public sessions in effort to advance progress on zero emission vehicle adoption,https://ww2.arb.ca.gov/news/california-host-series-public-sessions-effort-advance-progress-zero-emission-vehicle-adoption
CARB,Californians will have a second chance to get vouchers for electric bikes on April 29,https://ww2.arb.ca.gov/news/californians-will-have-second-chance-get-vouchers-electric-bikes-april-29
CARB,California’s Clean Truck and Bus Incentive Project Sees Record Growth as Zero-Emission Market Expands,https://ww2.arb.ca.gov/news/californias-clean-truck-and-bus-incentive-project-sees-record-growth-zero-emission-market
CARB,CARB Chair Liane Randolph responds to President Trump’s approval of illegal resolutions to revoke California’s Clean Air Act waivers,https://ww2.arb.ca.gov/news/carb-chair-liane-randolph-responds-president-trumps-approval-illegal-resolutions-revoke
